candidate_count,seed,utility_mae,target_sd,target_absmean,nmae_sd,nmae_absmean,mean_top2_margin,median_top2_margin,mean_positive_top2_margin,zero_margin_rate,mean_max_abs_error,mean_ratio_max_error_margin_positive,median_ratio_max_error_margin_positive,mean_ratio_mean_error_margin_positive,bound_rate_max_error_gt_half_margin,bound_rate_positive_margin,decision_error_rate,decision_accuracy,strict_top1_accuracy,mean_regret,episodes,states
4,101,0.10656566917896271,0.27544617652893066,0.1291590929031372,0.3868838207226663,0.8250729142150416,0.03371133610245091,0.0,0.20484570539673277,0.8354305937868659,0.13721053594063398,1808.5243096146014,1.233844918789571,1213.2341562964548,0.9699174203696421,0.8172043010752689,0.1274085725521038,0.8725914274478962,0.4701140385371608,0.019203018484621758,5086,4
4,202,0.10174176096916199,0.2468404918909073,0.1186336949467659,0.4121761392945506,0.8576126792208253,0.037579459296482175,0.0,0.22971298573595106,0.8364069006543724,0.13226782414107782,1246.5394367954068,1.2233340199080767,815.8495119066059,0.9637120761451516,0.7781818181818182,0.11302795954788816,0.8869720404521119,0.4925639500297442,0.01637206990667014,5043,4
4,303,0.10376059263944626,0.24383531510829926,0.12221790850162506,0.42553554063061405,0.8489802673891005,0.03505237894336605,0.0,0.21585564239021374,0.8376119402985075,0.13158617031477873,368.19455482369085,1.161347744242162,160.5687594692961,0.9629850746268657,0.7720588235294118,0.11044776119402985,0.8895522388059701,0.4909452736318408,0.016738468654713227,5025,4
4,404,0.10015450417995453,0.2621564567089081,0.1290234625339508,0.38204095919393494,0.776250320778674,0.03505858585051012,0.0,0.23043716324658212,0.8478605388272583,0.1298833973002849,4591.931484688717,1.0615438429637365,4155.731348349455,0.9667194928684627,0.78125,0.11251980982567353,0.8874801901743264,0.4954437400950872,0.020126418994293915,5048,4
4,505,0.11321226507425308,0.27774232625961304,0.1320994645357132,0.40761617647153503,0.8570228915927669,0.036023765073055776,0.0,0.22114958361577045,0.8371067922260068,0.1466638487285073,2906.956901337793,1.181499636705998,1699.7201310833807,0.970146263273893,0.8167281672816729,0.11681025846523743,0.8831897415347626,0.49188539370867557,0.018636687128408845,4991,4
8,101,0.08201688528060913,0.13399311900138855,0.07670120894908905,0.6120977397336291,1.0693036837926295,0.03645458400559922,0.0,0.1157901027176259,0.6851666666666667,0.15181089902296663,116.24189099388663,1.7926898592905325,62.170776868614006,0.982,0.9428268925357332,0.6168333333333333,0.38316666666666666,0.22666666666666668,0.06540551842035104,6000,4
8,202,0.07305239886045456,0.1291835606098175,0.0731920674443245,0.565492997062529,0.9980917524433071,0.03436052659992129,0.0,0.11066192141681573,0.6895,0.14015027625160292,37.489475789688626,1.793365446610446,21.209579233685563,0.9758333333333333,0.9221685453569511,0.5971666666666666,0.4028333333333334,0.23716666666666664,0.057280499004138015,6000,4
8,303,0.07869698852300644,0.1284758597612381,0.07524050027132034,0.6125429996674735,1.0459391981608557,0.035288568967022,0.0,0.11304400096216338,0.6878333333333333,0.15007504743958514,180.43113518191996,1.7766380552522805,90.21953143999193,0.9825,0.9439402028830752,0.6221666666666666,0.37783333333333335,0.22783333333333333,0.06655500922196855,6000,4
8,404,0.07042918354272842,0.1266172081232071,0.07106700539588928,0.556237059611961,0.9910250636057087,0.034404976203727226,0.0,0.1118254914530679,0.6923333333333334,0.13133214808728857,36.779444318256495,1.6007641598238398,21.930590739160742,0.9793333333333333,0.9328277356446371,0.5843333333333334,0.41566666666666663,0.25183333333333335,0.053512103874702004,6000,4
8,505,0.07356710731983185,0.12806200981140137,0.07383234053850174,0.5744647255511225,0.9964076281919902,0.03676549215738972,0.0,0.11579682569256605,0.6825,0.14086564380737643,35.23764481116818,1.6850209105368115,21.78669044841773,0.978,0.9307086614173228,0.6038333333333333,0.39616666666666667,0.23950000000000005,0.06081487439696987,6000,4
16,101,0.04727691039443016,0.06770249456167221,0.042856365442276,0.6983038173189353,1.1031479199538812,0.025181119597206512,0.0,0.07053534901178295,0.643,0.12911354678310455,27.217293461020738,2.2744726637997066,12.707250958369027,0.9935,0.9817927170868347,0.7151666666666666,0.2848333333333334,0.1741666666666667,0.06933666636049747,6000,4
16,202,0.04652505740523338,0.06832753121852875,0.0437256321310997,0.6809123141949103,1.0640225226645175,0.022955475660661858,0.0,0.06609062090401686,0.6526666666666667,0.12373348992380002,15.106419236280134,2.365939316548984,6.057623403940101,0.9936666666666667,0.9817658349328215,0.7021666666666667,0.2978333333333333,0.1835,0.06557934549699226,6000,4
16,303,0.04588683322072029,0.06677265465259552,0.04308269917964935,0.6872099583199157,1.0650872413861086,0.024502634675552446,0.0,0.07105645628483069,0.6551666666666667,0.1235101115591824,10.55875719785702,2.2944736142787474,4.450257665390174,0.9938333333333333,0.9821169647172547,0.6986666666666667,0.30133333333333334,0.1855,0.06499971621111035,6000,4
16,404,0.04662465676665306,0.0686475858092308,0.04407041519880295,0.6791885864161534,1.0579581915969671,0.02484385280062755,0.0,0.07243105772777711,0.657,0.12617106006853282,11.21362082502391,2.2428483761742237,4.751002367962624,0.9953333333333333,0.9863945578231292,0.7011666666666667,0.2988333333333333,0.18166666666666664,0.0666806733906269,6000,4
16,505,0.046475354582071304,0.06791277229785919,0.043219685554504395,0.6843389396361949,1.0753283830226201,0.025454265261689823,0.0,0.07143385948088818,0.6436666666666666,0.12512767237812902,9.158918394556988,2.2933507284497745,3.6938415476021844,0.9935,0.9817586529466792,0.7105,0.2895,0.1761666666666667,0.06869978117446104,6000,4
32,101,0.0277393888682127,0.0369485542178154,0.02547263726592064,0.7507570852349525,1.0889877078147971,0.015267515753706296,0.0,0.0423118219502253,0.6391666666666667,0.09371343209159871,15.077882655156433,2.821802444767566,4.9492051439647184,0.9986666666666667,0.9963048498845266,0.7756666666666666,0.22433333333333338,0.14116666666666666,0.06077579052746296,6000,4
32,202,0.026230446994304657,0.03578284755349159,0.024712324142456055,0.7330452657545742,1.0614318120423343,0.014398668592174847,0.0,0.04077018006278862,0.6468333333333334,0.09086132725266119,23.875635939503105,2.8736850414041535,7.283187338469218,0.9991666666666666,0.9976403964134025,0.7796666666666666,0.22033333333333338,0.14116666666666666,0.05876011389990648,6000,4
32,303,0.02649318240582943,0.0369107685983181,0.025499364361166954,0.7177629567712831,1.038974228164525,0.014743602618575095,0.0,0.043727936584997816,0.6628333333333334,0.09216410751113047,11.168874021183504,2.9333868546554727,3.424810694256773,0.9991666666666666,0.9975284231339595,0.7778333333333334,0.22216666666666662,0.13983333333333337,0.061836562554041546,6000,4
32,404,0.02674522064626217,0.0367295928299427,0.025308193638920784,0.7281654542181292,1.0567810973728058,0.015890484258532525,0.0,0.043635197048601894,0.6358333333333333,0.09285749061405658,23.78485231414052,2.7199165544541892,7.709210318633858,0.9998333333333334,0.9995423340961098,0.7781666666666667,0.22183333333333333,0.137,0.06259624767551819,6000,4
32,505,0.025957820937037468,0.0356324166059494,0.02464723214507103,0.728488926925697,1.053173873003364,0.015402769669890404,0.0,0.04004186222675148,0.6153333333333333,0.08716525265822808,44.9623504231425,2.831934473919561,15.721904751491227,0.999,0.9974003466204506,0.7815,0.21850000000000003,0.14016666666666666,0.058626855256656805,6000,4
64,101,0.014439611695706844,0.02010457031428814,0.01408819667994976,0.718225332348672,1.0249439316997337,0.008978285863995551,0.0,0.02516100662492915,0.6431666666666667,0.0644618946844712,27.52070592649698,3.1708639503242155,6.059820331847849,0.9998333333333334,0.9995329285380663,0.8643333333333333,0.1356666666666667,0.08899999999999997,0.05130112480620543,6000,4
64,202,0.014305192977190018,0.01957596465945244,0.013787265866994858,0.7307529016345369,1.0375656141827958,0.008801786760489146,0.0,0.024793765522504636,0.645,0.06193464454635978,11.642633327323422,3.3583406668228264,3.1273536629771534,0.9996666666666667,0.9990610328638497,0.849,0.15100000000000002,0.09799999999999998,0.04819958087801933,6000,4
64,303,0.014574329368770123,0.019279466941952705,0.013838812708854675,0.7559508472226449,1.0531488268097473,0.0091218218455712,0.0,0.023034903650432325,0.604,0.06261608259721349,23.13686619820266,3.4568105362863486,6.492408029610117,0.9998333333333334,0.9995791245791246,0.8445,0.15549999999999997,0.09583333333333333,0.04787390814224879,6000,4
64,404,0.014609974808990955,0.019757289439439774,0.013989635743200779,0.7394726312925457,1.0443427603961506,0.007925421367088953,0.0,0.02215868042988524,0.6423333333333333,0.06276632650289685,21.974434150403734,3.5120171740652495,5.424379265222378,1.0,1.0,0.8511666666666666,0.14883333333333337,0.08799999999999997,0.048365288386742276,6000,4
64,505,0.014703497290611267,0.019571082666516304,0.01387405302375555,0.7512868624160036,1.0597838472604595,0.008118142435948054,0.0,0.022825142743996402,0.6443333333333333,0.060872086724887295,14.878975022383196,3.5107598079409215,4.20771285285876,1.0,1.0,0.8541666666666666,0.14583333333333337,0.09350000000000003,0.04825813494126002,6000,4
